{
 "composition_uncensored": {
  "label": "uncensored",
  "pref": "",
  "cols": [
   "share_20p",
   "deaths_pm",
   "duration_min"
  ],
  "n": 1151,
  "n_matches": 118,
  "n_drop_zero": 29,
  "coef": [
   -0.5561312174444543,
   -1.0237978743276666,
   0.4817791950025599
  ],
  "lo": [
   -0.7588549258970615,
   -1.2220235197165659,
   0.33858001536632504
  ],
  "hi": [
   -0.3648203372385041,
   -0.8506091729033036,
   0.651211106948015
  ],
  "p_share20p": 0.0,
  "auc_full": 0.749496963654491,
  "auc_quant_only": 0.7306202604308287,
  "auc_gain": 0.018876703223662306
 },
 "composition_early_uncensored": {
  "label": "uncensored",
  "col": "share_early",
  "n": 1151,
  "coef_share": 0.43138915673836936,
  "lo": 0.29066666941539165,
  "hi": 0.5962492096338008,
  "p": 0.0,
  "auc_full": 0.7466418925043052,
  "auc_quant_only": 0.7306202604308287,
  "auc_gain": 0.01602163207347651
 },
 "phase_table_uncensored": {
  "0_10": {
   "win_rate_pm": 0.11237288135593222,
   "loss_rate_pm": 0.14305084745762714,
   "n_win": 590,
   "n_loss": 590,
   "mwu_p": 1.98398063140796e-06
  },
  "10_20": {
   "win_rate_pm": 0.19168858484722048,
   "loss_rate_pm": 0.27353303632145454,
   "n_win": 590,
   "n_loss": 590,
   "mwu_p": 1.207835685753264e-19
  },
  "20_30": {
   "win_rate_pm": 0.2074789722944153,
   "loss_rate_pm": 0.3501703532237175,
   "n_win": 570,
   "n_loss": 570,
   "mwu_p": 6.178852896823552e-39
  },
  "30_p": {
   "win_rate_pm": 0.1918125513003597,
   "loss_rate_pm": 0.39770230527039885,
   "n_win": 320,
   "n_loss": 320,
   "mwu_p": 7.262902383552602e-24
  }
 },
 "solo_tests_uncensored": {
  "w15_all": {
   "label": "solo_pm_w15",
   "col": "solo_pm_w15",
   "controls": [
    "deaths_pm",
    "duration_min"
   ],
   "n": 1180,
   "coef": 0.9061140716743712,
   "lo": 0.6831145521916879,
   "hi": 1.1560662113412454,
   "p": 0.0
  },
  "w15_mid": {
   "label": "solo_mid_pm_w15",
   "col": "solo_mid_pm_w15",
   "controls": [
    "deaths_pm",
    "duration_min"
   ],
   "n": 1170,
   "coef": 0.33692384004229153,
   "lo": 0.18230917740135608,
   "hi": 0.5167179084972846,
   "p": 0.0
  },
  "w30_all": {
   "label": "solo_pm_w30",
   "col": "solo_pm_w30",
   "controls": [
    "deaths_pm",
    "duration_min"
   ],
   "n": 1180,
   "coef": 0.8584365398715833,
   "lo": 0.6591390966668874,
   "hi": 1.0785507216377437,
   "p": 0.0
  },
  "w30_mid": {
   "label": "solo_mid_pm_w30",
   "col": "solo_mid_pm_w30",
   "controls": [
    "deaths_pm",
    "duration_min"
   ],
   "n": 1170,
   "coef": 0.3833142387971436,
   "lo": 0.2370719614969348,
   "hi": 0.5534454668007798,
   "p": 0.0
  },
  "w45_all": {
   "label": "solo_pm_w45",
   "col": "solo_pm_w45",
   "controls": [
    "deaths_pm",
    "duration_min"
   ],
   "n": 1180,
   "coef": 0.7939069884240659,
   "lo": 0.6219923638913885,
   "hi": 0.9784194617113572,
   "p": 0.0
  },
  "w45_mid": {
   "label": "solo_mid_pm_w45",
   "col": "solo_mid_pm_w45",
   "controls": [
    "deaths_pm",
    "duration_min"
   ],
   "n": 1170,
   "coef": 0.42046906607809587,
   "lo": 0.28525556369337884,
   "hi": 0.5867224149049722,
   "p": 0.0
  }
 },
 "dj_profile_uncensored": {
  "prof": {
   "deaths_pm": {
    "dj_all": 0.2191990394207043,
    "dj_win": 0.16819116403639628,
    "dj_loss": 0.2520515693292416,
    "coh_win": 0.16914385578438063,
    "coh_loss": 0.25746003413844837
   },
   "share_20p": {
    "dj_all": 0.43207947168978617,
    "dj_win": 0.3628519892805607,
    "dj_loss": 0.4731466222715301,
    "coh_win": 0.4357688512187106,
    "coh_loss": 0.47761865405559334
   },
   "solo_share_w30": {
    "dj_all": 0.31716544710300487,
    "dj_win": 0.4359894867037724,
    "dj_loss": 0.24667661005170213,
    "coh_win": 0.34555070290466083,
    "coh_loss": 0.20528719743201296
   },
   "solo_pm_w30": {
    "dj_all": 0.06266097091413099,
    "dj_win": 0.06530586633588135,
    "dj_loss": 0.06095747894757992,
    "coh_win": 0.05675268763619835,
    "coh_loss": 0.05452408185118742
   },
   "solo_mid_pm_w30": {
    "dj_all": 0.0532188067010408,
    "dj_win": 0.06319048718927359,
    "dj_loss": 0.04685756225165092,
    "coh_win": 0.05868828033023923,
    "coh_loss": 0.05575222792129974
   },
   "d_mid": {
    "dj_all": 2.4742268041237114,
    "dj_win": 1.9210526315789473,
    "dj_loss": 2.830508474576271,
    "coh_win": 2.1745762711864405,
    "coh_loss": 3.142372881355932
   },
   "solo_mid_w30": {
    "dj_all": 0.5360824742268041,
    "dj_win": 0.6052631578947368,
    "dj_loss": 0.4915254237288136,
    "coh_win": 0.6237288135593221,
    "coh_loss": 0.5796610169491525
   }
  },
  "ns": {
   "dj_n": 97,
   "dj_w": 38,
   "dj_l": 59,
   "coh_w": 590,
   "coh_l": 590
  }
 },
 "dj_throw_sensitivity_uncensored": {
  "500": {
   "n_thrown": 14,
   "n_loss": 59,
   "pct": 23.7
  },
  "1000": {
   "n_thrown": 13,
   "n_loss": 59,
   "pct": 22.0
  },
  "1500": {
   "n_thrown": 10,
   "n_loss": 59,
   "pct": 16.9
  },
  "2000": {
   "n_thrown": 5,
   "n_loss": 59,
   "pct": 8.5
  },
  "2500": {
   "n_thrown": 3,
   "n_loss": 59,
   "pct": 5.1
  }
 },
 "dj_throw_uncensored": {
  "n_loss": 59,
  "n_thrown": 10,
  "n_other_loss": 49,
  "n_win": 38,
  "lead_thresh": 1500,
  "solo_mid_w30": {
   "thrown": 0.8,
   "other_loss": 0.42857142857142855,
   "wins": 0.6052631578947368
  },
  "solo_mid_pm_w30": {
   "thrown": 0.07272727272727272,
   "other_loss": 0.04146803923589638,
   "wins": 0.06319048718927359
  },
  "d_mid": {
   "thrown": 2.8,
   "other_loss": 2.836734693877551,
   "wins": 1.9210526315789473
  },
  "solo_pm_w30": {
   "thrown": 0.05255523262191529,
   "other_loss": 0.06267222309567475,
   "wins": 0.06530586633588135
  },
  "solo_share_w30": {
   "thrown": 0.25083333333333335,
   "other_loss": 0.24582829917789986,
   "wins": 0.4359894867037724
  },
  "mwu_thrown_vs_win_p": 0.19561687288405905
 },
 "composition_censored": {
  "label": "censored",
  "pref": "c_",
  "cols": [
   "c_share_20p",
   "c_deaths_pm",
   "duration_min"
  ],
  "n": 1147,
  "n_matches": 118,
  "n_drop_zero": 33,
  "coef": [
   -0.19123031515256195,
   -0.7119548295328644,
   0.26571632860090894
  ],
  "lo": [
   -0.37800408833252946,
   -0.8754879304121889,
   0.13508347557179262
  ],
  "hi": [
   -0.0010739464435647063,
   -0.5718541541111699,
   0.40316915913835394
  ],
  "p_share20p": 0.05,
  "auc_full": 0.6821918391685834,
  "auc_quant_only": 0.6813323719469898,
  "auc_gain": 0.0008594672215935795
 },
 "composition_early_censored": {
  "label": "censored",
  "col": "share_early",
  "n": 1147,
  "coef_share": 0.25365223222365896,
  "lo": 0.11399380762437715,
  "hi": 0.4048930220359417,
  "p": 0.0,
  "auc_full": 0.6901080646927822,
  "auc_quant_only": 0.6813323719469898,
  "auc_gain": 0.008775692745792374
 },
 "phase_table_censored": {
  "0_10": {
   "win_rate_pm": 0.11237288135593222,
   "loss_rate_pm": 0.14305084745762714,
   "n_win": 590,
   "n_loss": 590,
   "mwu_p": 1.98398063140796e-06
  },
  "10_20": {
   "win_rate_pm": 0.19038474428144098,
   "loss_rate_pm": 0.2693524856017091,
   "n_win": 590,
   "n_loss": 590,
   "mwu_p": 6.008134161014861e-19
  },
  "20_30": {
   "win_rate_pm": 0.19173564878533458,
   "loss_rate_pm": 0.26238806649157914,
   "n_win": 570,
   "n_loss": 570,
   "mwu_p": 3.792250049089561e-15
  },
  "30_p": {
   "win_rate_pm": 0.14924974027857565,
   "loss_rate_pm": 0.1897198564770356,
   "n_win": 320,
   "n_loss": 320,
   "mwu_p": 0.0014025178369784063
  }
 },
 "solo_tests_censored": {
  "w15_all": {
   "label": "solo_pm_w15",
   "col": "c_solo_pm_w15",
   "controls": [
    "c_deaths_pm",
    "duration_min"
   ],
   "n": 1180,
   "coef": 0.623072338135579,
   "lo": 0.41525915527906293,
   "hi": 0.8574736419080118,
   "p": 0.0
  },
  "w15_mid": {
   "label": "solo_mid_pm_w15",
   "col": "c_solo_mid_pm_w15",
   "controls": [
    "c_deaths_pm",
    "duration_min"
   ],
   "n": 1170,
   "coef": 0.22328107697753605,
   "lo": 0.06633046274649144,
   "hi": 0.38690858842977743,
   "p": 0.003
  },
  "w30_all": {
   "label": "solo_pm_w30",